source_file,source_abs,source_lines,instrumented_lines,covered_lines,missed_instrumented_lines,line_coverage_pct,functions,covered_functions,function_coverage_pct,max_line_freq,sum_line_freq,page
src/chemistry/aerosol/cldaero_mod.F90,iCESM1.3.1_PI_atm/components/cam/src/chemistry/aerosol/cldaero_mod.F90,148,38,38,0,100.0,3,3,100.0,25067520,142877297,38ee46583f_cldaero_mod.F90.html
src/chemistry/aerosol/drydep_mod.F90,iCESM1.3.1_PI_atm/components/cam/src/chemistry/aerosol/drydep_mod.F90,268,27,25,2,92.5925925925926,2,2,100.0,705126,13650042,f5eb4711e1_drydep_mod.F90.html
src/chemistry/aerosol/dust_common.F90,iCESM1.3.1_PI_atm/components/cam/src/chemistry/aerosol/dust_common.F90,253,41,30,11,73.17073170731707,1,1,100.0,204800,1664512,7f01752d3f_dust_common.F90.html
src/chemistry/aerosol/dust_sediment_mod.F90,iCESM1.3.1_PI_atm/components/cam/src/chemistry/aerosol/dust_sediment_mod.F90,501,76,73,3,96.05263157894737,4,4,100.0,18403788600,83386777860,cdfb0c4274_dust_sediment_mod.F90.html
src/chemistry/aerosol/mo_setsox.F90,iCESM1.3.1_PI_atm/components/cam/src/chemistry/aerosol/mo_setsox.F90,867,166,144,22,86.74698795180723,2,2,100.0,25690924,1198588436,25979213f7_mo_setsox.F90.html
src/chemistry/aerosol/soil_erod_mod.F90,iCESM1.3.1_PI_atm/components/cam/src/chemistry/aerosol/soil_erod_mod.F90,121,38,34,4,89.47368421052632,1,1,100.0,73728,174089,83f7d96d39_soil_erod_mod.F90.html
src/chemistry/aerosol/sslt_sections.F90,iCESM1.3.1_PI_atm/components/cam/src/chemistry/aerosol/sslt_sections.F90,120,34,34,0,100.0,2,2,100.0,21858906,58025242,bdd4c164f3_sslt_sections.F90.html
src/chemistry/aerosol/wetdep.F90,iCESM1.3.1_PI_atm/components/cam/src/chemistry/aerosol/wetdep.F90,1163,83,77,6,92.7710843373494,4,4,100.0,766771200,18796183741,e9e3ce19b9_wetdep.F90.html
src/chemistry/modal_aero/aero_model.F90,iCESM1.3.1_PI_atm/components/cam/src/chemistry/modal_aero/aero_model.F90,2343,637,558,79,87.59811616954474,14,14,100.0,423075600,17726953274,0fb8a4360c_aero_model.F90.html
src/chemistry/modal_aero/dust_model.F90,iCESM1.3.1_PI_atm/components/cam/src/chemistry/modal_aero/dust_model.F90,168,31,30,1,96.7741935483871,3,3,100.0,5641008,15604046,d97101858e_dust_model.F90.html
src/chemistry/modal_aero/modal_aero_coag.F90,iCESM1.3.1_PI_atm/components/cam/src/chemistry/modal_aero/modal_aero_coag.F90,2863,212,143,69,67.45283018867924,4,4,100.0,423075600,2351794935,137a7a61fb_modal_aero_coag.F90.html
src/chemistry/modal_aero/modal_aero_data.F90,iCESM1.3.1_PI_atm/components/cam/src/chemistry/modal_aero/modal_aero_data.F90,408,13,10,3,76.92307692307692,2,2,100.0,10367766,70505604,53f71c94cd_modal_aero_data.F90.html
src/chemistry/modal_aero/modal_aero_gasaerexch.F90,iCESM1.3.1_PI_atm/components/cam/src/chemistry/modal_aero/modal_aero_gasaerexch.F90,1521,323,213,110,65.94427244582043,4,4,100.0,423075600,8018909682,0c97ea5888_modal_aero_gasaerexch.F90.html
src/chemistry/modal_aero/modal_aero_initialize_data.F90,iCESM1.3.1_PI_atm/components/cam/src/chemistry/modal_aero/modal_aero_initialize_data.F90,986,282,242,40,85.81560283687944,6,6,100.0,7372800,11482225,72b75dd0e5_modal_aero_initialize_data.F90.html
src/chemistry/modal_aero/modal_aero_newnuc.F90,iCESM1.3.1_PI_atm/components/cam/src/chemistry/modal_aero/modal_aero_newnuc.F90,1698,222,167,55,75.22522522522523,5,5,100.0,423075600,1827192132,b5f77b9e48_modal_aero_newnuc.F90.html
src/chemistry/modal_aero/modal_aero_rename.F90,iCESM1.3.1_PI_atm/components/cam/src/chemistry/modal_aero/modal_aero_rename.F90,1786,143,117,26,81.81818181818181,4,4,100.0,63461340,1252468489,4961e3db3f_modal_aero_rename.F90.html
src/chemistry/modal_aero/seasalt_model.F90,iCESM1.3.1_PI_atm/components/cam/src/chemistry/modal_aero/seasalt_model.F90,116,19,19,0,100.0,2,2,100.0,21858906,100664080,e20e174297_seasalt_model.F90.html
src/chemistry/modal_aero/sox_cldaero_mod.F90,iCESM1.3.1_PI_atm/components/cam/src/chemistry/modal_aero/sox_cldaero_mod.F90,523,124,102,22,82.25806451612904,4,4,100.0,423075600,1748435324,4ab86196c2_sox_cldaero_mod.F90.html
src/chemistry/mozart/cfc11star.F90,iCESM1.3.1_PI_atm/components/cam/src/chemistry/mozart/cfc11star.F90,127,25,10,15,40.0,3,3,100.0,26624,91136,18a0c08ab3_cfc11star.F90.html
src/chemistry/mozart/charge_neutrality.F90,iCESM1.3.1_PI_atm/components/cam/src/chemistry/mozart/charge_neutrality.F90,242,80,9,71,11.25,2,2,100.0,21153780,26741748,21919af0be_charge_neutrality.F90.html
src/chemistry/mozart/chemistry.F90,iCESM1.3.1_PI_atm/components/cam/src/chemistry/mozart/chemistry.F90,1491,384,325,59,84.63541666666667,12,12,100.0,21858906,333994102,778b8573b2_chemistry.F90.html
src/chemistry/mozart/chlorine_loading_data.F90,iCESM1.3.1_PI_atm/components/cam/src/chemistry/mozart/chlorine_loading_data.F90,298,77,6,71,7.792207792207792,2,2,100.0,26624,83456,20ed3e505f_chlorine_loading_data.F90.html
src/chemistry/mozart/clybry_fam.F90,iCESM1.3.1_PI_atm/components/cam/src/chemistry/mozart/clybry_fam.F90,289,61,22,39,36.0655737704918,3,3,100.0,53248,263680,936ef5ee17_clybry_fam.F90.html
src/chemistry/mozart/euvac.F90,iCESM1.3.1_PI_atm/components/cam/src/chemistry/mozart/euvac.F90,158,44,6,38,13.636363636363637,2,2,100.0,512,5120,c2f9e409e1_euvac.F90.html
src/chemistry/mozart/gas_wetdep_opts.F90,iCESM1.3.1_PI_atm/components/cam/src/chemistry/mozart/gas_wetdep_opts.F90,75,19,17,2,89.47368421052632,1,1,100.0,29184,65040,5024b42ef9_gas_wetdep_opts.F90.html
src/chemistry/mozart/gcr_ionization.F90,iCESM1.3.1_PI_atm/components/cam/src/chemistry/mozart/gcr_ionization.F90,196,52,39,13,75.0,4,4,100.0,21153780,52140020,47d25fdd34_gcr_ionization.F90.html
src/chemistry/mozart/lin_strat_chem.F90,iCESM1.3.1_PI_atm/components/cam/src/chemistry/mozart/lin_strat_chem.F90,303,23,4,19,17.391304347826086,1,1,100.0,512,2048,5353d8df2f_lin_strat_chem.F90.html
src/chemistry/mozart/linoz_data.F90,iCESM1.3.1_PI_atm/components/cam/src/chemistry/mozart/linoz_data.F90,315,51,45,6,88.23529411764706,5,5,100.0,26624,95744,1b515ce4d8_linoz_data.F90.html
src/chemistry/mozart/llnl_O1D_to_2OH_adj.F90,iCESM1.3.1_PI_atm/components/cam/src/chemistry/mozart/llnl_O1D_to_2OH_adj.F90,85,10,6,4,60.0,2,2,100.0,52224,106501,6a225e0aa4_llnl_O1D_to_2OH_adj.F90.html
src/chemistry/mozart/mo_airglow.F90,iCESM1.3.1_PI_atm/components/cam/src/chemistry/mozart/mo_airglow.F90,104,10,6,4,60.0,1,1,100.0,512,7168,325918a3b5_mo_airglow.F90.html
src/chemistry/mozart/mo_airplane.F90,iCESM1.3.1_PI_atm/components/cam/src/chemistry/mozart/mo_airplane.F90,350,125,13,112,10.4,2,2,100.0,21153780,52758506,d65f1caf6c_mo_airplane.F90.html
src/chemistry/mozart/mo_aurora.F90,iCESM1.3.1_PI_atm/components/cam/src/chemistry/mozart/mo_aurora.F90,1436,35,11,24,31.428571428571427,2,2,100.0,26624,91136,5f18368f0c_mo_aurora.F90.html
src/chemistry/mozart/mo_chem_utls.F90,iCESM1.3.1_PI_atm/components/cam/src/chemistry/mozart/mo_chem_utls.F90,162,24,24,0,100.0,4,4,100.0,4723200,60884992,92b8e793cf_mo_chem_utls.F90.html
src/chemistry/mozart/mo_chemini.F90,iCESM1.3.1_PI_atm/components/cam/src/chemistry/mozart/mo_chemini.F90,271,52,50,2,96.15384615384616,1,1,100.0,512,30758,747cabe92a_mo_chemini.F90.html
src/chemistry/mozart/mo_chm_diags.F90,iCESM1.3.1_PI_atm/components/cam/src/chemistry/mozart/mo_chm_diags.F90,757,365,258,107,70.68493150684931,2,2,100.0,423075600,1569677480,faef6ba423_mo_chm_diags.F90.html
src/chemistry/mozart/mo_cph.F90,iCESM1.3.1_PI_atm/components/cam/src/chemistry/mozart/mo_cph.F90,167,7,3,4,42.857142857142854,1,1,100.0,512,1536,2cf6b7e7d3_mo_cph.F90.html
src/chemistry/mozart/mo_drydep.F90,iCESM1.3.1_PI_atm/components/cam/src/chemistry/mozart/mo_drydep.F90,3255,626,394,232,62.93929712460064,7,7,100.0,14102520,279587444,b56fb57531_mo_drydep.F90.html
src/chemistry/mozart/mo_exp_sol.F90,iCESM1.3.1_PI_atm/components/cam/src/chemistry/mozart/mo_exp_sol.F90,102,7,7,0,100.0,2,2,100.0,52224,314880,a74440cae3_mo_exp_sol.F90.html
src/chemistry/mozart/mo_extfrc.F90,iCESM1.3.1_PI_atm/components/cam/src/chemistry/mozart/mo_extfrc.F90,383,112,91,21,81.25,3,3,100.0,528844500,1208983871,419a01581d_mo_extfrc.F90.html
src/chemistry/mozart/mo_fstrat.F90,iCESM1.3.1_PI_atm/components/cam/src/chemistry/mozart/mo_fstrat.F90,1014,305,28,277,9.180327868852459,3,3,100.0,1044480,1505282,7738e6f73a_mo_fstrat.F90.html
src/chemistry/mozart/mo_gas_phase_chemdr.F90,iCESM1.3.1_PI_atm/components/cam/src/chemistry/mozart/mo_gas_phase_chemdr.F90,1069,341,244,97,71.55425219941348,2,2,100.0,423075600,5045648865,7927de8e72_mo_gas_phase_chemdr.F90.html
src/chemistry/mozart/mo_heatnirco2.F90,iCESM1.3.1_PI_atm/components/cam/src/chemistry/mozart/mo_heatnirco2.F90,559,128,128,0,100.0,1,1,100.0,31744,827904,622a2ac750_mo_heatnirco2.F90.html
src/chemistry/mozart/mo_jeuv.F90,iCESM1.3.1_PI_atm/components/cam/src/chemistry/mozart/mo_jeuv.F90,654,121,3,118,2.479338842975207,1,1,100.0,512,2048,f8260ebae3_mo_jeuv.F90.html
src/chemistry/mozart/mo_jlong.F90,iCESM1.3.1_PI_atm/components/cam/src/chemistry/mozart/mo_jlong.F90,963,232,199,33,85.77586206896552,6,6,100.0,14918123520,39150722326,576fd7ac77_mo_jlong.F90.html
src/chemistry/mozart/mo_lightning.F90,iCESM1.3.1_PI_atm/components/cam/src/chemistry/mozart/mo_lightning.F90,395,97,6,91,6.185567010309279,2,2,100.0,26112,58880,e9daeb379d_mo_lightning.F90.html
src/chemistry/mozart/mo_mass_xforms.F90,iCESM1.3.1_PI_atm/components/cam/src/chemistry/mozart/mo_mass_xforms.F90,222,21,20,1,95.23809523809524,4,4,100.0,423075600,1066594324,20390e0a9f_mo_mass_xforms.F90.html
src/chemistry/mozart/mo_mean_mass.F90,iCESM1.3.1_PI_atm/components/cam/src/chemistry/mozart/mo_mean_mass.F90,94,21,11,10,52.38095238095238,2,2,100.0,21153780,26329076,5da66eddd8_mo_mean_mass.F90.html
src/chemistry/mozart/mo_negtrc.F90,iCESM1.3.1_PI_atm/components/cam/src/chemistry/mozart/mo_negtrc.F90,45,6,6,0,100.0,1,1,100.0,423075600,1793562092,da071f9d92_mo_negtrc.F90.html
src/chemistry/mozart/mo_neu_wetdep.F90,iCESM1.3.1_PI_atm/components/cam/src/chemistry/mozart/mo_neu_wetdep.F90,1744,550,324,226,58.90909090909091,6,6,100.0,63461340,6410399334,5879cf0093_mo_neu_wetdep.F90.html
src/chemistry/mozart/mo_photo.F90,iCESM1.3.1_PI_atm/components/cam/src/chemistry/mozart/mo_photo.F90,1757,476,283,193,59.45378151260504,7,7,100.0,40897308,978142872,c365b568d4_mo_photo.F90.html
src/chemistry/mozart/mo_sad.F90,iCESM1.3.1_PI_atm/components/cam/src/chemistry/mozart/mo_sad.F90,1644,10,9,1,90.0,1,1,100.0,15360,33287,a12dbc4266_mo_sad.F90.html
src/chemistry/mozart/mo_setext.F90,iCESM1.3.1_PI_atm/components/cam/src/chemistry/mozart/mo_setext.F90,304,105,44,61,41.904761904761905,2,2,100.0,148076460,209414057,2a382dcdce_mo_setext.F90.html
src/chemistry/mozart/mo_sethet.F90,iCESM1.3.1_PI_atm/components/cam/src/chemistry/mozart/mo_sethet.F90,883,80,3,77,3.75,1,1,100.0,512,3584,7e6ff42a55_mo_sethet.F90.html
src/chemistry/mozart/mo_setinv.F90,iCESM1.3.1_PI_atm/components/cam/src/chemistry/mozart/mo_setinv.F90,153,46,43,3,93.47826086956522,2,2,100.0,169230240,840444038,15a0233de6_mo_setinv.F90.html
src/chemistry/mozart/mo_solarproton.F90,iCESM1.3.1_PI_atm/components/cam/src/chemistry/mozart/mo_solarproton.F90,103,17,7,10,41.1764705882353,2,2,100.0,21153780,52074984,d0b7abc0f6_mo_solarproton.F90.html
src/chemistry/mozart/mo_srf_emissions.F90,iCESM1.3.1_PI_atm/components/cam/src/chemistry/mozart/mo_srf_emissions.F90,438,120,87,33,72.5,3,3,100.0,34551174,107365267,8651bb81aa_mo_srf_emissions.F90.html
src/chemistry/mozart/mo_strato_rates.F90,iCESM1.3.1_PI_atm/components/cam/src/chemistry/mozart/mo_strato_rates.F90,893,28,27,1,96.42857142857143,1,1,100.0,11776,74240,aa85d080c4_mo_strato_rates.F90.html
src/chemistry/mozart/mo_sulf.F90,iCESM1.3.1_PI_atm/components/cam/src/chemistry/mozart/mo_sulf.F90,235,55,45,10,81.81818181818181,4,4,100.0,21153780,26197504,b624bedb08_mo_sulf.F90.html
src/chemistry/mozart/mo_usrrxt.F90,iCESM1.3.1_PI_atm/components/cam/src/chemistry/mozart/mo_usrrxt.F90,1256,452,209,243,46.23893805309734,3,3,100.0,126922680,1027687104,99ded9569d_mo_usrrxt.F90.html
src/chemistry/mozart/mo_waccm_hrates.F90,iCESM1.3.1_PI_atm/components/cam/src/chemistry/mozart/mo_waccm_hrates.F90,452,38,13,25,34.21052631578947,1,1,100.0,4608,32256,d57b3c102d_mo_waccm_hrates.F90.html
src/chemistry/mozart/noy_ubc.F90,iCESM1.3.1_PI_atm/components/cam/src/chemistry/mozart/noy_ubc.F90,247,59,26,33,44.067796610169495,4,4,100.0,52224,244748,cbe9532d07_noy_ubc.F90.html
src/chemistry/mozart/rate_diags.F90,iCESM1.3.1_PI_atm/components/cam/src/chemistry/mozart/rate_diags.F90,248,69,37,32,53.6231884057971,4,4,100.0,84615120,208599980,68d00581b3_rate_diags.F90.html
src/chemistry/mozart/short_lived_species.F90,iCESM1.3.1_PI_atm/components/cam/src/chemistry/mozart/short_lived_species.F90,179,23,11,12,47.82608695652174,5,5,100.0,62464,398336,bd33dede9d_short_lived_species.F90.html
src/chemistry/mozart/spedata.F90,iCESM1.3.1_PI_atm/components/cam/src/chemistry/mozart/spedata.F90,736,55,27,28,49.09090909090909,4,4,100.0,26624,97284,789e1402fe_spedata.F90.html
src/chemistry/mozart/tracer_cnst.F90,iCESM1.3.1_PI_atm/components/cam/src/chemistry/mozart/tracer_cnst.F90,372,89,81,8,91.01123595505618,7,7,100.0,86274240,326448704,38991ab70b_tracer_cnst.F90.html
src/chemistry/mozart/tracer_srcs.F90,iCESM1.3.1_PI_atm/components/cam/src/chemistry/mozart/tracer_srcs.F90,298,71,59,12,83.09859154929578,6,6,100.0,51200,365060,b5856978d9_tracer_srcs.F90.html
src/chemistry/mozart/upper_bc.F90,iCESM1.3.1_PI_atm/components/cam/src/chemistry/mozart/upper_bc.F90,308,38,36,2,94.73684210526316,2,2,100.0,512,37888,f7b16ec467_upper_bc.F90.html
src/chemistry/pp_trop_mam3/mo_adjrxt.F90,iCESM1.3.1_PI_atm/components/cam/src/chemistry/pp_trop_mam3/mo_adjrxt.F90,45,8,8,0,100.0,1,1,100.0,21153780,181813164,222d546741_mo_adjrxt.F90.html
src/chemistry/pp_trop_mam3/mo_imp_sol.F90,iCESM1.3.1_PI_atm/components/cam/src/chemistry/pp_trop_mam3/mo_imp_sol.F90,845,337,110,227,32.640949554896146,2,2,100.0,846151200,18337185468,bfe4783cac_mo_imp_sol.F90.html
src/chemistry/pp_trop_mam3/mo_indprd.F90,iCESM1.3.1_PI_atm/components/cam/src/chemistry/pp_trop_mam3/mo_indprd.F90,81,22,22,0,100.0,1,1,100.0,21153780,519376656,64cdad4412_mo_indprd.F90.html
src/chemistry/pp_trop_mam3/mo_lin_matrix.F90,iCESM1.3.1_PI_atm/components/cam/src/chemistry/pp_trop_mam3/mo_lin_matrix.F90,98,6,6,0,100.0,2,2,100.0,21153780,126922680,e6983803f7_mo_lin_matrix.F90.html
src/chemistry/pp_trop_mam3/mo_lu_factor.F90,iCESM1.3.1_PI_atm/components/cam/src/chemistry/pp_trop_mam3/mo_lu_factor.F90,84,6,6,0,100.0,2,2,100.0,42307560,253845360,074e574557_mo_lu_factor.F90.html
src/chemistry/pp_trop_mam3/mo_lu_solve.F90,iCESM1.3.1_PI_atm/components/cam/src/chemistry/pp_trop_mam3/mo_lu_solve.F90,69,6,6,0,100.0,2,2,100.0,42307560,253845360,7d33044160_mo_lu_solve.F90.html
src/chemistry/pp_trop_mam3/mo_nln_matrix.F90,iCESM1.3.1_PI_atm/components/cam/src/chemistry/pp_trop_mam3/mo_nln_matrix.F90,89,6,6,0,100.0,2,2,100.0,42307560,253845360,69db9c040e_mo_nln_matrix.F90.html
src/chemistry/pp_trop_mam3/mo_phtadj.F90,iCESM1.3.1_PI_atm/components/cam/src/chemistry/pp_trop_mam3/mo_phtadj.F90,40,2,2,0,100.0,1,1,100.0,1566720,1671168,1525390aa1_mo_phtadj.F90.html
src/chemistry/pp_trop_mam3/mo_prod_loss.F90,iCESM1.3.1_PI_atm/components/cam/src/chemistry/pp_trop_mam3/mo_prod_loss.F90,100,5,5,0,100.0,2,2,100.0,42307560,127027128,4737dd5825_mo_prod_loss.F90.html
src/chemistry/pp_trop_mam3/mo_rxt_rates_conv.F90,iCESM1.3.1_PI_atm/components/cam/src/chemistry/pp_trop_mam3/mo_rxt_rates_conv.F90,19,8,8,0,100.0,1,1,100.0,21153780,155854776,f4f2888ba8_mo_rxt_rates_conv.F90.html
src/chemistry/pp_trop_mam3/mo_setrxt.F90,iCESM1.3.1_PI_atm/components/cam/src/chemistry/pp_trop_mam3/mo_setrxt.F90,73,6,6,0,100.0,1,1,100.0,21153780,103990224,7d62c1dbec_mo_setrxt.F90.html
src/chemistry/pp_trop_mam3/mo_sim_dat.F90,iCESM1.3.1_PI_atm/components/cam/src/chemistry/pp_trop_mam3/mo_sim_dat.F90,111,45,33,12,73.33333333333333,1,1,100.0,10240,217600,0cb1e3db63_mo_sim_dat.F90.html
src/chemistry/utils/aerodep_flx.F90,iCESM1.3.1_PI_atm/components/cam/src/chemistry/utils/aerodep_flx.F90,499,69,38,31,55.072463768115945,4,4,100.0,3082752,9361420,3091f34451_aerodep_flx.F90.html
src/chemistry/utils/aircraft_emit.F90,iCESM1.3.1_PI_atm/components/cam/src/chemistry/utils/aircraft_emit.F90,433,118,24,94,20.338983050847457,4,4,100.0,26624,82956,34abb77e22_aircraft_emit.F90.html
src/chemistry/utils/mo_flbc.F90,iCESM1.3.1_PI_atm/components/cam/src/chemistry/utils/mo_flbc.F90,797,35,8,27,22.857142857142858,2,2,100.0,52224,316416,c0da48da6f_mo_flbc.F90.html
src/chemistry/utils/mo_solar_parms.F90,iCESM1.3.1_PI_atm/components/cam/src/chemistry/utils/mo_solar_parms.F90,255,81,19,62,23.45679012345679,4,4,100.0,27136,166412,2c6dc36d9e_mo_solar_parms.F90.html
src/chemistry/utils/mo_util.F90,iCESM1.3.1_PI_atm/components/cam/src/chemistry/utils/mo_util.F90,81,13,13,0,100.0,1,1,100.0,2842175807,13170863762,5e9833bd97_mo_util.F90.html
src/chemistry/utils/modal_aero_calcsize.F90,iCESM1.3.1_PI_atm/components/cam/src/chemistry/utils/modal_aero_calcsize.F90,1318,323,292,31,90.40247678018576,3,3,100.0,1456865280,4744296867,82139e2b41_modal_aero_calcsize.F90.html
src/chemistry/utils/modal_aero_deposition.F90,iCESM1.3.1_PI_atm/components/cam/src/chemistry/utils/modal_aero_deposition.F90,265,75,60,15,80.0,3,3,100.0,851968,21790426,b4fca61a1e_modal_aero_deposition.F90.html
src/chemistry/utils/modal_aero_wateruptake.F90,iCESM1.3.1_PI_atm/components/cam/src/chemistry/utils/modal_aero_wateruptake.F90,1127,205,140,65,68.29268292682927,6,6,100.0,258822720,6053294288,a739842b49_modal_aero_wateruptake.F90.html
src/chemistry/utils/prescribed_aero.F90,iCESM1.3.1_PI_atm/components/cam/src/chemistry/utils/prescribed_aero.F90,668,112,46,66,41.07142857142857,6,6,100.0,26624,179724,8f83dfffef_prescribed_aero.F90.html
src/chemistry/utils/prescribed_ghg.F90,iCESM1.3.1_PI_atm/components/cam/src/chemistry/utils/prescribed_ghg.F90,330,84,44,40,52.38095238095238,6,6,100.0,26624,82956,aa035bb964_prescribed_ghg.F90.html
src/chemistry/utils/prescribed_ozone.F90,iCESM1.3.1_PI_atm/components/cam/src/chemistry/utils/prescribed_ozone.F90,297,76,69,7,90.78947368421052,6,6,100.0,21568560,129488647,695fa3e3f5_prescribed_ozone.F90.html
src/chemistry/utils/prescribed_strataero.F90,iCESM1.3.1_PI_atm/components/cam/src/chemistry/utils/prescribed_strataero.F90,349,91,38,53,41.75824175824176,4,4,100.0,26624,75788,652d86d6e4_prescribed_strataero.F90.html
src/chemistry/utils/prescribed_volcaero.F90,iCESM1.3.1_PI_atm/components/cam/src/chemistry/utils/prescribed_volcaero.F90,328,91,44,47,48.35164835164835,6,6,100.0,26624,71692,ca356b0a39_prescribed_volcaero.F90.html
src/chemistry/utils/solar_data.F90,iCESM1.3.1_PI_atm/components/cam/src/chemistry/utils/solar_data.F90,489,180,135,45,75.0,6,6,100.0,1935360,9299500,11b5525eb2_solar_data.F90.html
src/chemistry/utils/tracer_data.F90,iCESM1.3.1_PI_atm/components/cam/src/chemistry/utils/tracer_data.F90,2403,662,401,261,60.57401812688822,15,15,100.0,1336969609,6309735273,d03a5aa9ac_tracer_data.F90.html
src/control/cam_comp.F90,iCESM1.3.1_PI_atm/components/cam/src/control/cam_comp.F90,561,109,98,11,89.90825688073394,6,6,100.0,26624,2802303,a8f1a8642a_cam_comp.F90.html
src/control/cam_history.F90,iCESM1.3.1_PI_atm/components/cam/src/control/cam_history.F90,5662,1497,946,551,63.19305277221109,33,33,100.0,2598773760,31834331244,19444c7e20_cam_history.F90.html
src/control/cam_history_buffers.F90,iCESM1.3.1_PI_atm/components/cam/src/control/cam_history_buffers.F90,530,68,38,30,55.88235294117647,5,5,100.0,1736905076,2059002002,138c4ed9c6_cam_history_buffers.F90.html
src/control/cam_history_support.F90,iCESM1.3.1_PI_atm/components/cam/src/control/cam_history_support.F90,1238,275,131,144,47.63636363636363,13,13,100.0,1058816,10316800,993a5b9102_cam_history_support.F90.html
src/control/cam_initfiles.F90,iCESM1.3.1_PI_atm/components/cam/src/control/cam_initfiles.F90,97,26,25,1,96.15384615384616,4,4,100.0,2048,26624,c3af13baa6_cam_initfiles.F90.html
src/control/cam_instance.F90,iCESM1.3.1_PI_atm/components/cam/src/control/cam_instance.F90,31,6,6,0,100.0,1,1,100.0,512,4608,a7a5bec6f4_cam_instance.F90.html
src/control/cam_restart.F90,iCESM1.3.1_PI_atm/components/cam/src/control/cam_restart.F90,563,71,60,11,84.50704225352112,5,5,100.0,512,47255,df2c090116_cam_restart.F90.html
src/control/camsrfexch.F90,iCESM1.3.1_PI_atm/components/cam/src/control/camsrfexch.F90,655,217,194,23,89.40092165898618,5,5,100.0,40980264,63809648,39de83441d_camsrfexch.F90.html
src/control/filenames.F90,iCESM1.3.1_PI_atm/components/cam/src/control/filenames.F90,214,68,48,20,70.58823529411765,1,1,100.0,16384,345600,bdfedd09a0_filenames.F90.html
src/control/history_defaults.F90,iCESM1.3.1_PI_atm/components/cam/src/control/history_defaults.F90,147,5,5,0,100.0,1,1,100.0,512,2560,f042dc1797_history_defaults.F90.html
src/control/ncdio_atm.F90,iCESM1.3.1_PI_atm/components/cam/src/control/ncdio_atm.F90,816,173,71,102,41.040462427745666,6,6,100.0,24576,1141257,2d62e44ac8_ncdio_atm.F90.html
src/control/readinitial.F90,iCESM1.3.1_PI_atm/components/cam/src/control/readinitial.F90,79,17,9,8,52.94117647058823,1,1,100.0,512,5632,c01e7ac75a_readinitial.F90.html
src/control/runtime_opts.F90,iCESM1.3.1_PI_atm/components/cam/src/control/runtime_opts.F90,1057,290,267,23,92.06896551724138,3,3,100.0,6144000,70462131,1b81235642_runtime_opts.F90.html
src/control/sat_hist.F90,iCESM1.3.1_PI_atm/components/cam/src/control/sat_hist.F90,1081,84,25,59,29.761904761904763,3,3,100.0,512000,1547281,51743cc88c_sat_hist.F90.html
src/control/scamMod.F90,iCESM1.3.1_PI_atm/components/cam/src/control/scamMod.F90,352,11,11,0,100.0,1,1,100.0,512,19456,6b374414d5_scamMod.F90.html
src/control/startup_initialconds.F90,iCESM1.3.1_PI_atm/components/cam/src/control/startup_initialconds.F90,62,8,8,0,100.0,1,1,100.0,512,5120,d4b184912f_startup_initialconds.F90.html
src/cpl/atm_comp_mct.F90,iCESM1.3.1_PI_atm/components/cam/src/cpl/atm_comp_mct.F90,910,231,205,26,88.74458874458874,6,6,100.0,26112,4340263,97bdbfa575_atm_comp_mct.F90.html
src/cpl/atm_import_export.F90,iCESM1.3.1_PI_atm/components/cam/src/cpl/atm_import_export.F90,412,107,84,23,78.50467289719626,2,2,100.0,2931112,61670936,5b521ca298_atm_import_export.F90.html
src/cpl/cam_cpl_indices.F90,iCESM1.3.1_PI_atm/components/cam/src/cpl/cam_cpl_indices.F90,228,99,97,2,97.97979797979798,1,1,100.0,512,96256,27cdf527b3_cam_cpl_indices.F90.html
src/dynamics/se/dp_coupling.F90,iCESM1.3.1_PI_atm/components/cam/src/dynamics/se/dp_coupling.F90,611,169,118,51,69.8224852071006,3,3,100.0,2143272960,8094005146,621f42296c_dp_coupling.F90.html
src/dynamics/se/dycore.F90,iCESM1.3.1_PI_atm/components/cam/src/dynamics/se/dycore.F90,56,9,9,0,100.0,2,2,100.0,1778152,17591592,71f537b3de_dycore.F90.html
src/dynamics/se/dyn_comp.F90,iCESM1.3.1_PI_atm/components/cam/src/dynamics/se/dyn_comp.F90,479,115,82,33,71.30434782608695,4,4,100.0,42024960,86736902,40bfd30aaf_dyn_comp.F90.html
src/dynamics/se/dyn_grid.F90,iCESM1.3.1_PI_atm/components/cam/src/dynamics/se/dyn_grid.F90,1033,193,164,29,84.97409326424871,17,17,100.0,301033122,2336361805,220de654ae_dyn_grid.F90.html
src/dynamics/se/inidat.F90,iCESM1.3.1_PI_atm/components/cam/src/dynamics/se/inidat.F90,426,179,141,38,78.77094972067039,3,3,100.0,42024960,132846015,fc71242bda_inidat.F90.html
src/dynamics/se/inital.F90,iCESM1.3.1_PI_atm/components/cam/src/dynamics/se/inital.F90,49,10,10,0,100.0,1,1,100.0,512,6662,e38a722829_inital.F90.html
src/dynamics/se/interp_mod.F90,iCESM1.3.1_PI_atm/components/cam/src/dynamics/se/interp_mod.F90,501,14,9,5,64.28571428571429,2,2,100.0,94720,386560,a62651b478_interp_mod.F90.html
src/dynamics/se/native_mapping.F90,iCESM1.3.1_PI_atm/components/cam/src/dynamics/se/native_mapping.F90,526,227,19,208,8.370044052863436,2,2,100.0,3072,29716,f41ff55a41_native_mapping.F90.html
src/dynamics/se/nctopo_util_mod.F90,iCESM1.3.1_PI_atm/components/cam/src/dynamics/se/nctopo_util_mod.F90,155,55,5,50,9.090909090909092,2,2,100.0,512,3584,16cb2c9119_nctopo_util_mod.F90.html
src/dynamics/se/restart_dynamics.F90,iCESM1.3.1_PI_atm/components/cam/src/dynamics/se/restart_dynamics.F90,582,106,104,2,98.11320754716981,3,3,100.0,42024960,143217664,ef6446792f_restart_dynamics.F90.html
src/dynamics/se/share/bndry_mod.F90,iCESM1.3.1_PI_atm/components/cam/src/dynamics/se/share/bndry_mod.F90,1701,178,101,77,56.741573033707866,11,11,100.0,15235560828,15351005964,1bfc953b89_bndry_mod.F90.html
src/dynamics/se/share/coordinate_systems_mod.F90,iCESM1.3.1_PI_atm/components/cam/src/dynamics/se/share/coordinate_systems_mod.F90,858,43,42,1,97.67441860465117,4,4,100.0,61440,1304928,c057a9fa90_coordinate_systems_mod.F90.html
src/dynamics/se/share/cube_mod.F90,iCESM1.3.1_PI_atm/components/cam/src/dynamics/se/share/cube_mod.F90,2604,559,519,40,92.84436493738819,19,19,100.0,25116672,310905557,d2cc2cf1d1_cube_mod.F90.html
src/dynamics/se/share/derivative_mod.F90,iCESM1.3.1_PI_atm/components/cam/src/dynamics/se/share/derivative_mod.F90,2532,150,131,19,87.33333333333333,12,12,100.0,82707775488,600454849024,684bc24d2e_derivative_mod.F90.html
src/dynamics/se/share/diffusion_mod.F90,iCESM1.3.1_PI_atm/components/cam/src/dynamics/se/share/diffusion_mod.F90,485,6,6,0,100.0,1,1,100.0,512,3072,0101d90a06_diffusion_mod.F90.html
src/dynamics/se/share/dof_mod.F90,iCESM1.3.1_PI_atm/components/cam/src/dynamics/se/share/dof_mod.F90,442,92,91,1,98.91304347826087,12,12,100.0,2218475520,7696081206,aaed7ab320_dof_mod.F90.html
src/dynamics/se/share/edge_mod.F90,iCESM1.3.1_PI_atm/components/cam/src/dynamics/se/share/edge_mod.F90,5059,367,300,67,81.74386920980926,13,13,100.0,8335079424,79910059592,73a4d020c6_edge_mod.F90.html
src/dynamics/se/share/element_mod.F90,iCESM1.3.1_PI_atm/components/cam/src/dynamics/se/share/element_mod.F90,482,19,19,0,100.0,2,2,100.0,49152,219648,f441d39a5e_element_mod.F90.html
src/dynamics/se/share/gbarrier_mod.F90,iCESM1.3.1_PI_atm/components/cam/src/dynamics/se/share/gbarrier_mod.F90,79,9,9,0,100.0,3,3,100.0,2663424,8016384,ada7692dbb_gbarrier_mod.F90.html
src/dynamics/se/share/global_norms_mod.F90,iCESM1.3.1_PI_atm/components/cam/src/dynamics/se/share/global_norms_mod.F90,971,137,77,60,56.2043795620438,4,4,100.0,13049856,28420173,c1e0a91a5f_global_norms_mod.F90.html
src/dynamics/se/share/gridgraph_mod.F90,iCESM1.3.1_PI_atm/components/cam/src/dynamics/se/share/gridgraph_mod.F90,617,70,57,13,81.42857142857143,6,6,100.0,50233344,341155960,771304189a_gridgraph_mod.F90.html
src/dynamics/se/share/hybrid_mod.F90,iCESM1.3.1_PI_atm/components/cam/src/dynamics/se/share/hybrid_mod.F90,613,68,48,20,70.58823529411765,5,5,100.0,54272,1910272,0cab9624b2_hybrid_mod.F90.html
src/dynamics/se/share/interpolate_mod.F90,iCESM1.3.1_PI_atm/components/cam/src/dynamics/se/share/interpolate_mod.F90,2283,38,24,14,63.1578947368421,3,3,100.0,1031168,14447616,ddbc5901ac_interpolate_mod.F90.html
src/dynamics/se/share/ll_mod.F90,iCESM1.3.1_PI_atm/components/cam/src/dynamics/se/share/ll_mod.F90,151,38,38,0,100.0,6,6,100.0,198234375,1190278064,820e002544_ll_mod.F90.html
src/dynamics/se/share/mass_matrix_mod.F90,iCESM1.3.1_PI_atm/components/cam/src/dynamics/se/share/mass_matrix_mod.F90,140,29,29,0,100.0,1,1,100.0,49152,363520,d4cbf80b76_mass_matrix_mod.F90.html
src/dynamics/se/share/metagraph_mod.F90,iCESM1.3.1_PI_atm/components/cam/src/dynamics/se/share/metagraph_mod.F90,477,88,75,13,85.22727272727273,2,2,100.0,6279168,79211000,ab9a9f06d6_metagraph_mod.F90.html
src/dynamics/se/share/namelist_mod.F90,iCESM1.3.1_PI_atm/components/cam/src/dynamics/se/share/namelist_mod.F90,1404,302,210,92,69.5364238410596,1,1,100.0,4096,74666,ddb505c55e_namelist_mod.F90.html
src/dynamics/se/share/parallel_mod.F90,iCESM1.3.1_PI_atm/components/cam/src/dynamics/se/share/parallel_mod.F90,666,53,44,9,83.01886792452831,3,3,100.0,262144,2875396,a71ac2e616_parallel_mod.F90.html
src/dynamics/se/share/physics_mod.F90,iCESM1.3.1_PI_atm/components/cam/src/dynamics/se/share/physics_mod.F90,325,3,3,0,100.0,1,1,100.0,564019200,1692057600,5f8e35b23d_physics_mod.F90.html
src/dynamics/se/share/prim_advance_mod.F90,iCESM1.3.1_PI_atm/components/cam/src/dynamics/se/share/prim_advance_mod.F90,4234,276,175,101,63.405797101449274,5,5,100.0,1128038400,50039400448,288482ef41_prim_advance_mod.F90.html
src/dynamics/se/share/prim_advection_mod.F90,iCESM1.3.1_PI_atm/components/cam/src/dynamics/se/share/prim_advection_mod.F90,3249,423,276,147,65.2482269503546,13,13,100.0,21546518301,761089005459,fd4702ded7_prim_advection_mod.F90.html
src/dynamics/se/share/prim_driver_mod.F90,iCESM1.3.1_PI_atm/components/cam/src/dynamics/se/share/prim_driver_mod.F90,1920,298,212,86,71.14093959731544,4,4,100.0,2143272960,6080828468,4ba754a167_prim_driver_mod.F90.html
src/dynamics/se/share/prim_si_mod.F90,iCESM1.3.1_PI_atm/components/cam/src/dynamics/se/share/prim_si_mod.F90,517,14,14,0,100.0,2,2,100.0,526417920,1699107840,6f7da8d9ea_prim_si_mod.F90.html
src/dynamics/se/share/prim_si_ref_mod.F90,iCESM1.3.1_PI_atm/components/cam/src/dynamics/se/share/prim_si_ref_mod.F90,552,12,1,11,8.333333333333334,1,1,100.0,512,1024,20b6552054_prim_si_ref_mod.F90.html
src/dynamics/se/share/prim_state_mod.F90,iCESM1.3.1_PI_atm/components/cam/src/dynamics/se/share/prim_state_mod.F90,1129,218,155,63,71.10091743119266,2,2,100.0,42024960,411919546,cabf4e592d_prim_state_mod.F90.html
src/dynamics/se/share/quadrature_mod.F90,iCESM1.3.1_PI_atm/components/cam/src/dynamics/se/share/quadrature_mod.F90,976,41,41,0,100.0,6,6,100.0,110592,825344,6af2163832_quadrature_mod.F90.html
src/dynamics/se/share/reduction_mod.F90,iCESM1.3.1_PI_atm/components/cam/src/dynamics/se/share/reduction_mod.F90,546,72,69,3,95.83333333333333,9,9,100.0,102912,3211509,6dc6ecd036_reduction_mod.F90.html
src/dynamics/se/share/schedule_mod.F90,iCESM1.3.1_PI_atm/components/cam/src/dynamics/se/share/schedule_mod.F90,678,193,163,30,84.4559585492228,3,3,100.0,786432,2183604,4df6b989bc_schedule_mod.F90.html
src/dynamics/se/share/spacecurve_mod.F90,iCESM1.3.1_PI_atm/components/cam/src/dynamics/se/share/spacecurve_mod.F90,1275,91,76,15,83.51648351648352,9,9,100.0,786432,4058624,b04052bdc9_spacecurve_mod.F90.html
src/dynamics/se/share/thread_mod.F90,iCESM1.3.1_PI_atm/components/cam/src/dynamics/se/share/thread_mod.F90,78,12,12,0,100.0,4,4,100.0,27136,178176,6abc12c296_thread_mod.F90.html
src/dynamics/se/share/time_mod.F90,iCESM1.3.1_PI_atm/components/cam/src/dynamics/se/share/time_mod.F90,141,23,20,3,86.95652173913044,4,4,100.0,287744,2302467,a992f45c3b_time_mod.F90.html
src/dynamics/se/share/viscosity_mod.F90,iCESM1.3.1_PI_atm/components/cam/src/dynamics/se/share/viscosity_mod.F90,1666,87,84,3,96.55172413793103,5,5,100.0,6429818880,31094691840,6ba31a574d_viscosity_mod.F90.html
src/dynamics/se/spmd_dyn.F90,iCESM1.3.1_PI_atm/components/cam/src/dynamics/se/spmd_dyn.F90,101,17,13,4,76.47058823529412,1,1,100.0,512,2073,b17cf9b8ff_spmd_dyn.F90.html
src/dynamics/se/stepon.F90,iCESM1.3.1_PI_atm/components/cam/src/dynamics/se/stepon.F90,563,132,89,43,67.42424242424242,5,5,100.0,2143272960,7987341312,39a48ab376_stepon.F90.html
src/dynamics/se/trunc.F90,iCESM1.3.1_PI_atm/components/cam/src/dynamics/se/trunc.F90,33,2,2,0,100.0,1,1,100.0,512,1024,42a28e7641_trunc.F90.html
src/physics/cam/aer_rad_props.F90,iCESM1.3.1_PI_atm/components/cam/src/physics/cam/aer_rad_props.F90,715,140,55,85,39.285714285714285,4,4,100.0,184877056,1771500013,6de8a55738_aer_rad_props.F90.html
src/physics/cam/aoa_tracers.F90,iCESM1.3.1_PI_atm/components/cam/src/physics/cam/aoa_tracers.F90,430,68,25,43,36.76470588235294,6,6,100.0,52224,378380,3c541755bb_aoa_tracers.F90.html
src/physics/cam/cam3_aero_data.F90,iCESM1.3.1_PI_atm/components/cam/src/physics/cam/cam3_aero_data.F90,1021,16,13,3,81.25,1,1,100.0,512,7180,793b60765b_cam3_aero_data.F90.html
src/physics/cam/cam3_ozone_data.F90,iCESM1.3.1_PI_atm/components/cam/src/physics/cam/cam3_ozone_data.F90,220,15,12,3,80.0,1,1,100.0,512,3084,0fe9f58786_cam3_ozone_data.F90.html
src/physics/cam/cam_diagnostics.F90,iCESM1.3.1_PI_atm/components/cam/src/physics/cam/cam_diagnostics.F90,1949,929,669,260,72.01291711517761,13,13,100.0,86274240,1859554896,0de3892d04_cam_diagnostics.F90.html
src/physics/cam/carma_flags_mod.F90,iCESM1.3.1_PI_atm/components/cam/src/physics/cam/carma_flags_mod.F90,191,52,51,1,98.07692307692308,1,1,100.0,512,22544,ddd6240e63_carma_flags_mod.F90.html
src/physics/cam/carma_intr.F90,iCESM1.3.1_PI_atm/components/cam/src/physics/cam/carma_intr.F90,184,20,20,0,100.0,7,7,100.0,52224,1054720,46e8eaf85c_carma_intr.F90.html
src/physics/cam/carma_model_flags_mod.F90,iCESM1.3.1_PI_atm/components/cam/src/physics/cam/carma_model_flags_mod.F90,85,2,2,0,100.0,1,1,100.0,512,1024,cf1a68146e_carma_model_flags_mod.F90.html
src/physics/cam/check_energy.F90,iCESM1.3.1_PI_atm/components/cam/src/physics/cam/check_energy.F90,757,152,102,50,67.10526315789474,10,10,100.0,256334040,824800807,3e26ee684b_check_energy.F90.html
src/physics/cam/chem_surfvals.F90,iCESM1.3.1_PI_atm/components/cam/src/physics/cam/chem_surfvals.F90,640,123,79,44,64.22764227642277,5,5,100.0,321536,3233904,1b1d2d0615_chem_surfvals.F90.html
src/physics/cam/cldfrc2m.F90,iCESM1.3.1_PI_atm/components/cam/src/physics/cam/cldfrc2m.F90,1106,219,171,48,78.08219178082192,6,6,100.0,127795200,7750685973,7aa1d9fccc_cldfrc2m.F90.html
src/physics/cam/cldwat.F90,iCESM1.3.1_PI_atm/components/cam/src/physics/cam/cldwat.F90,1297,17,16,1,94.11764705882354,1,1,100.0,512,3601,70cbe5df60_cldwat.F90.html
src/physics/cam/cldwat2m_macro.F90,iCESM1.3.1_PI_atm/components/cam/src/physics/cam/cldwat2m_macro.F90,2389,602,530,72,88.03986710963456,9,9,100.0,258822720,17858524470,c08bd68a52_cldwat2m_macro.F90.html
src/physics/cam/cloud_cover_diags.F90,iCESM1.3.1_PI_atm/components/cam/src/physics/cam/cloud_cover_diags.F90,192,44,43,1,97.72727272727273,3,3,100.0,86274240,336998000,bef20f0964_cloud_cover_diags.F90.html
src/physics/cam/cloud_diagnostics.F90,iCESM1.3.1_PI_atm/components/cam/src/physics/cam/cloud_diagnostics.F90,509,179,128,51,71.50837988826815,3,3,100.0,25559040,424502096,814a13d51e_cloud_diagnostics.F90.html
src/physics/cam/cloud_fraction.F90,iCESM1.3.1_PI_atm/components/cam/src/physics/cam/cloud_fraction.F90,848,177,147,30,83.05084745762711,7,7,100.0,64705680,1409226980,907f25e990_cloud_fraction.F90.html
src/physics/cam/clubb_intr.F90,iCESM1.3.1_PI_atm/components/cam/src/physics/cam/clubb_intr.F90,3413,5,5,0,100.0,2,2,100.0,147456,525312,c1e856fbce_clubb_intr.F90.html
src/physics/cam/cmparray_mod.F90,iCESM1.3.1_PI_atm/components/cam/src/physics/cam/cmparray_mod.F90,483,24,24,0,100.0,6,6,100.0,67760849,364971332,ceb45f1eb9_cmparray_mod.F90.html
src/physics/cam/co2_cycle.F90,iCESM1.3.1_PI_atm/components/cam/src/physics/cam/co2_cycle.F90,316,31,23,8,74.19354838709677,4,4,100.0,186368,570892,3d186e7da7_co2_cycle.F90.html
src/physics/cam/comsrf.F90,iCESM1.3.1_PI_atm/components/cam/src/physics/cam/comsrf.F90,140,32,32,0,100.0,1,1,100.0,16384,114688,f7dcd659dd_comsrf.F90.html
src/physics/cam/constituent_burden.F90,iCESM1.3.1_PI_atm/components/cam/src/physics/cam/constituent_burden.F90,88,15,11,4,73.33333333333333,2,2,100.0,2981888,9336320,3ffd5f96e0_constituent_burden.F90.html
src/physics/cam/constituents.F90,iCESM1.3.1_PI_atm/components/cam/src/physics/cam/constituents.F90,438,82,71,11,86.58536585365853,7,7,100.0,1243023040,5932864089,0c12ef998c_constituents.F90.html
src/physics/cam/conv_water.F90,iCESM1.3.1_PI_atm/components/cam/src/physics/cam/conv_water.F90,435,108,102,6,94.44444444444444,4,4,100.0,25559040,534325120,9ba9a74df6_conv_water.F90.html
src/physics/cam/convect_deep.F90,iCESM1.3.1_PI_atm/components/cam/src/physics/cam/convect_deep.F90,333,82,45,37,54.8780487804878,5,5,100.0,53248,3322882,53a360c440_convect_deep.F90.html
src/physics/cam/convect_shallow.F90,iCESM1.3.1_PI_atm/components/cam/src/physics/cam/convect_shallow.F90,1042,309,213,96,68.93203883495146,4,4,100.0,1164702240,2218840945,4f288e9fcc_convect_shallow.F90.html
src/physics/cam/cospsimulator_intr.F90,iCESM1.3.1_PI_atm/components/cam/src/physics/cam/cospsimulator_intr.F90,4017,131,102,29,77.86259541984732,2,2,100.0,768000,5009932,471f09de48_cospsimulator_intr.F90.html
src/physics/cam/cpslec.F90,iCESM1.3.1_PI_atm/components/cam/src/physics/cam/cpslec.F90,81,15,15,0,100.0,1,1,100.0,718952,5337455,470615a499_cpslec.F90.html
src/physics/cam/dadadj.F90,iCESM1.3.1_PI_atm/components/cam/src/physics/cam/dadadj.F90,135,25,12,13,48.0,1,1,100.0,1437904,8387704,1fff7fd8b0_dadadj.F90.html
src/physics/cam/diffusion_solver.F90,iCESM1.3.1_PI_atm/components/cam/src/physics/cam/diffusion_solver.F90,1029,169,127,42,75.14792899408285,6,6,100.0,951920100,11352116914,fe1711efaa_diffusion_solver.F90.html
src/physics/cam/eddy_diff.F90,iCESM1.3.1_PI_atm/components/cam/src/physics/cam/eddy_diff.F90,4057,735,607,128,82.58503401360544,9,9,100.0,129515520,15009571362,aed88157ed_eddy_diff.F90.html
src/physics/cam/geopotential.F90,iCESM1.3.1_PI_atm/components/cam/src/physics/cam/geopotential.F90,215,18,16,2,88.88888888888889,2,2,100.0,365421180,1381188942,49a5f114d8_geopotential.F90.html
src/physics/cam/ghg_data.F90,iCESM1.3.1_PI_atm/components/cam/src/physics/cam/ghg_data.F90,268,62,62,0,100.0,3,3,100.0,25559040,578631392,fa388e1c18_ghg_data.F90.html
src/physics/cam/gw_common.F90,iCESM1.3.1_PI_atm/components/cam/src/physics/cam/gw_common.F90,851,94,91,3,96.80851063829788,5,5,100.0,21858906,2317003217,9fa43f7639_gw_common.F90.html
src/physics/cam/gw_diffusion.F90,iCESM1.3.1_PI_atm/components/cam/src/physics/cam/gw_diffusion.F90,191,23,22,1,95.65217391304348,2,2,100.0,1226919240,4829644002,d18619d708_gw_diffusion.F90.html
src/physics/cam/gw_drag.F90,iCESM1.3.1_PI_atm/components/cam/src/physics/cam/gw_drag.F90,1730,350,151,199,43.142857142857146,3,3,100.0,1205765460,3426020027,04b33b948d_gw_drag.F90.html
src/physics/cam/gw_oro.F90,iCESM1.3.1_PI_atm/components/cam/src/physics/cam/gw_oro.F90,177,33,33,0,100.0,1,1,100.0,21858906,156913693,2cc2a39d02_gw_oro.F90.html
src/physics/cam/gw_utils.F90,iCESM1.3.1_PI_atm/components/cam/src/physics/cam/gw_utils.F90,77,14,13,1,92.85714285714286,3,3,100.0,82499742,131959338,fccab56aed_gw_utils.F90.html
src/physics/cam/hetfrz_classnuc_cam.F90,iCESM1.3.1_PI_atm/components/cam/src/physics/cam/hetfrz_classnuc_cam.F90,1293,182,16,166,8.791208791208792,3,3,100.0,512,5132,7c6f459576_hetfrz_classnuc_cam.F90.html
src/physics/cam/hirsbt.f90,iCESM1.3.1_PI_atm/components/cam/src/physics/cam/hirsbt.f90,700,15,15,0,100.0,1,1,100.0,512,8192,675e1c9ac2_hirsbt.f90.html
src/physics/cam/hk_conv.F90,iCESM1.3.1_PI_atm/components/cam/src/physics/cam/hk_conv.F90,1125,15,14,1,93.33333333333333,1,1,100.0,512,2577,3eaeca025a_hk_conv.F90.html
src/physics/cam/iondrag.F90,iCESM1.3.1_PI_atm/components/cam/src/physics/cam/iondrag.F90,91,8,8,0,100.0,4,4,100.0,52224,264192,ff36c0ae78_iondrag.F90.html
src/physics/cam/macrop_driver.F90,iCESM1.3.1_PI_atm/components/cam/src/physics/cam/macrop_driver.F90,1293,377,311,66,82.49336870026525,4,4,100.0,86274240,2139651181,f4d6ed4844_macrop_driver.F90.html
src/physics/cam/micro_mg1_0.F90,iCESM1.3.1_PI_atm/components/cam/src/physics/cam/micro_mg1_0.F90,3749,754,684,70,90.71618037135279,3,3,100.0,58345920,12284903301,e951f55017_micro_mg1_0.F90.html
src/physics/cam/micro_mg_cam.F90,iCESM1.3.1_PI_atm/components/cam/src/physics/cam/micro_mg_cam.F90,3198,1273,948,325,74.46975648075413,7,7,100.0,178913280,6710105642,6e872a5cda_micro_mg_cam.F90.html
src/physics/cam/micro_mg_data.F90,iCESM1.3.1_PI_atm/components/cam/src/physics/cam/micro_mg_data.F90,550,106,99,7,93.39622641509433,21,21,100.0,2097545216,16064729418,63f2549f05_micro_mg_data.F90.html
src/physics/cam/micro_mg_utils.F90,iCESM1.3.1_PI_atm/components/cam/src/physics/cam/micro_mg_utils.F90,1240,57,56,1,98.24561403508773,8,8,100.0,43137120,641835877,c50be37d5d_micro_mg_utils.F90.html
src/physics/cam/microp_aero.F90,iCESM1.3.1_PI_atm/components/cam/src/physics/cam/microp_aero.F90,717,198,144,54,72.72727272727273,4,4,100.0,86274240,856092192,42f7d7a048_microp_aero.F90.html
src/physics/cam/microp_driver.F90,iCESM1.3.1_PI_atm/components/cam/src/physics/cam/microp_driver.F90,194,29,24,5,82.75862068965517,5,5,100.0,53248,602624,f626263fdb_microp_driver.F90.html
src/physics/cam/modal_aer_opt.F90,iCESM1.3.1_PI_atm/components/cam/src/physics/cam/modal_aer_opt.F90,1360,458,344,114,75.10917030567686,7,7,100.0,9382323600,80479694869,ae8db78a74_modal_aer_opt.F90.html
src/physics/cam/ndrop.F90,iCESM1.3.1_PI_atm/components/cam/src/physics/cam/ndrop.F90,1810,400,318,82,79.5,7,7,100.0,3585795360,23594942473,8a46a37ba5_ndrop.F90.html
src/physics/cam/nucleate_ice.F90,iCESM1.3.1_PI_atm/components/cam/src/physics/cam/nucleate_ice.F90,547,93,61,32,65.59139784946237,4,4,100.0,15288877,256190614,93671fde03_nucleate_ice.F90.html
src/physics/cam/nucleate_ice_cam.F90,iCESM1.3.1_PI_atm/components/cam/src/physics/cam/nucleate_ice_cam.F90,641,206,118,88,57.28155339805825,4,4,100.0,21568560,557547691,9ba4739127_nucleate_ice_cam.F90.html
src/physics/cam/pbl_utils.F90,iCESM1.3.1_PI_atm/components/cam/src/physics/cam/pbl_utils.F90,235,29,26,3,89.65517241379311,5,5,100.0,105768900,514497510,7bd7d41b2d_pbl_utils.F90.html
src/physics/cam/phys_control.F90,iCESM1.3.1_PI_atm/components/cam/src/physics/cam/phys_control.F90,365,116,100,16,86.20689655172414,7,7,100.0,7622656,209589264,5b644255aa_phys_control.F90.html
src/physics/cam/phys_debug_util.F90,iCESM1.3.1_PI_atm/components/cam/src/physics/cam/phys_debug_util.F90,129,23,14,9,60.869565217391305,2,2,100.0,512,4108,187507ce6d_phys_debug_util.F90.html
src/physics/cam/phys_gmean.F90,iCESM1.3.1_PI_atm/components/cam/src/physics/cam/phys_gmean.F90,425,25,19,6,76.0,2,2,100.0,2156856,3914040,66a3b0c4ba_phys_gmean.F90.html
src/physics/cam/phys_grid.F90,iCESM1.3.1_PI_atm/components/cam/src/physics/cam/phys_grid.F90,4832,574,448,126,78.04878048780488,22,22,100.0,67108864,1258886361,763a0d1c61_phys_grid.F90.html
src/physics/cam/phys_prop.F90,iCESM1.3.1_PI_atm/components/cam/src/physics/cam/phys_prop.F90,1314,293,273,20,93.1740614334471,13,13,100.0,855147344,114247811070,0d042b3815_phys_prop.F90.html
src/physics/cam/physics_buffer.F90.in,iCESM1.3.1_PI_atm/components/cam/src/physics/cam/physics_buffer.F90.in,1530,374,246,128,65.77540106951872,44,44,100.0,107929832,3892901392,46111dcd6a_physics_buffer.F90.in.html
src/physics/cam/physics_types.F90,iCESM1.3.1_PI_atm/components/cam/src/physics/cam/physics_types.F90,1965,612,447,165,73.03921568627452,20,20,100.0,23197777920,73254822668,9b1d290bec_physics_types.F90.html
src/physics/cam/physpkg.F90,iCESM1.3.1_PI_atm/components/cam/src/physics/cam/physpkg.F90,2607,749,598,151,79.83978638184246,9,9,100.0,1229407920,3831016783,220ee4e6b9_physpkg.F90.html
src/physics/cam/pkg_cld_sediment.F90,iCESM1.3.1_PI_atm/components/cam/src/physics/cam/pkg_cld_sediment.F90,781,13,12,1,92.3076923076923,1,1,100.0,512,2070,0fa5b86e10_pkg_cld_sediment.F90.html
src/physics/cam/pkg_cldoptics.F90,iCESM1.3.1_PI_atm/components/cam/src/physics/cam/pkg_cldoptics.F90,400,24,24,0,100.0,2,2,100.0,22287512,269624514,d28bb37486_pkg_cldoptics.F90.html
src/physics/cam/qbo.F90,iCESM1.3.1_PI_atm/components/cam/src/physics/cam/qbo.F90,57,9,9,0,100.0,4,4,100.0,52224,368640,bf9b858fee_qbo.F90.html
src/physics/cam/qneg3.F90,iCESM1.3.1_PI_atm/components/cam/src/physics/cam/qneg3.F90,118,19,18,1,94.73684210526316,1,1,100.0,14196675060,33400481571,dc55bf2c16_qneg3.F90.html
src/physics/cam/qneg4.F90,iCESM1.3.1_PI_atm/components/cam/src/physics/cam/qneg4.F90,142,20,15,5,75.0,1,1,100.0,40192182,48341436,9bf4582fe1_qneg4.F90.html
src/physics/cam/rad_constituents.F90,iCESM1.3.1_PI_atm/components/cam/src/physics/cam/rad_constituents.F90,2462,633,498,135,78.67298578199052,27,27,100.0,432965968,38274885365,fab7033bc7_rad_constituents.F90.html
src/physics/cam/radae.F90,iCESM1.3.1_PI_atm/components/cam/src/physics/cam/radae.F90,4237,16,8,8,50.0,1,1,100.0,512,3589,2a20edb82e_radae.F90.html
src/physics/cam/radheat.F90,iCESM1.3.1_PI_atm/components/cam/src/physics/cam/radheat.F90,126,11,11,0,100.0,4,4,100.0,21568560,27614360,d62bddbf77_radheat.F90.html
src/physics/cam/radiation_data.F90,iCESM1.3.1_PI_atm/components/cam/src/physics/cam/radiation_data.F90,1086,285,54,231,18.94736842105263,4,4,100.0,53248,366604,ca5daae7aa_radiation_data.F90.html
src/physics/cam/rayleigh_friction.F90,iCESM1.3.1_PI_atm/components/cam/src/physics/cam/rayleigh_friction.F90,144,28,21,7,75.0,2,2,100.0,52224,400070,0e1fc9cea5_rayleigh_friction.F90.html
src/physics/cam/ref_pres.F90,iCESM1.3.1_PI_atm/components/cam/src/physics/cam/ref_pres.F90,168,38,30,8,78.94736842105263,3,3,100.0,15360,30737,559b67e9c5_ref_pres.F90.html
src/physics/cam/restart_physics.F90,iCESM1.3.1_PI_atm/components/cam/src/physics/cam/restart_physics.F90,861,239,190,49,79.4979079497908,2,2,100.0,933888,3870840,612326ddc0_restart_physics.F90.html
src/physics/cam/sslt_rebin.F90,iCESM1.3.1_PI_atm/components/cam/src/physics/cam/sslt_rebin.F90,142,40,20,20,50.0,3,3,100.0,53248,132608,2b4812f745_sslt_rebin.F90.html
src/physics/cam/stratiform.F90,iCESM1.3.1_PI_atm/components/cam/src/physics/cam/stratiform.F90,1122,3,3,0,100.0,1,1,100.0,32768,180224,7701c7ab85_stratiform.F90.html
src/physics/cam/subcol.F90,iCESM1.3.1_PI_atm/components/cam/src/physics/cam/subcol.F90,500,29,25,4,86.20689655172414,3,3,100.0,512,24064,9c9b752cf8_subcol.F90.html
src/physics/cam/subcol_utils.F90.in,iCESM1.3.1_PI_atm/components/cam/src/physics/cam/subcol_utils.F90.in,1226,42,37,5,88.0952380952381,5,5,100.0,55296,506896,ba5eba71da_subcol_utils.F90.in.html
src/physics/cam/tidal_diag.F90,iCESM1.3.1_PI_atm/components/cam/src/physics/cam/tidal_diag.F90,176,64,44,20,68.75,3,3,100.0,106496,2673664,637bb390f9_tidal_diag.F90.html
src/physics/cam/tracers.F90,iCESM1.3.1_PI_atm/components/cam/src/physics/cam/tracers.F90,313,48,14,34,29.166666666666668,5,5,100.0,52224,375808,5757dbe7c4_tracers.F90.html
src/physics/cam/trb_mtn_stress.F90,iCESM1.3.1_PI_atm/components/cam/src/physics/cam/trb_mtn_stress.F90,180,14,13,1,92.85714285714286,2,2,100.0,705126,3452865,4acdc1f21a_trb_mtn_stress.F90.html
src/physics/cam/tropopause.F90,iCESM1.3.1_PI_atm/components/cam/src/physics/cam/tropopause.F90,1253,290,211,79,72.75862068965517,11,11,100.0,55879373,1446533261,2652902ddf_tropopause.F90.html
src/physics/cam/tsinti.F90,iCESM1.3.1_PI_atm/components/cam/src/physics/cam/tsinti.F90,40,3,3,0,100.0,1,1,100.0,512,1536,6ed0d5be44_tsinti.F90.html
src/physics/cam/unicon_cam.F90,iCESM1.3.1_PI_atm/components/cam/src/physics/cam/unicon_cam.F90,1396,14,11,3,78.57142857142857,1,1,100.0,512,2572,6f1ac64765_unicon_cam.F90.html
src/physics/cam/uwshcu.F90,iCESM1.3.1_PI_atm/components/cam/src/physics/cam/uwshcu.F90,6357,1667,1550,117,92.98140371925615,16,16,100.0,1890504461,81014661989,6eaaa48e7b_uwshcu.F90.html
src/physics/cam/vdiff_lu_solver.F90,iCESM1.3.1_PI_atm/components/cam/src/physics/cam/vdiff_lu_solver.F90,207,18,14,4,77.77777777777777,1,1,100.0,887808,41152512,2b0d217fba_vdiff_lu_solver.F90.html
src/physics/cam/vertical_diffusion.F90,iCESM1.3.1_PI_atm/components/cam/src/physics/cam/vertical_diffusion.F90,1467,456,355,101,77.85087719298245,5,5,100.0,1205765460,4077376722,fe27d7fbd1_vertical_diffusion.F90.html
src/physics/cam/water_tracers.F90,iCESM1.3.1_PI_atm/components/cam/src/physics/cam/water_tracers.F90,5718,825,761,64,92.24242424242425,30,30,100.0,41411635200,417177078857,7980ce74e5_water_tracers.F90.html
src/physics/cam/wv_sat_methods.F90,iCESM1.3.1_PI_atm/components/cam/src/physics/cam/wv_sat_methods.F90,484,75,58,17,77.33333333333333,11,11,100.0,3047870797,37686414369,3da5e062fe_wv_sat_methods.F90.html
src/physics/cam/wv_saturation.F90,iCESM1.3.1_PI_atm/components/cam/src/physics/cam/wv_saturation.F90,802,127,109,18,85.8267716535433,15,15,100.0,2010962326,50387335091,d30da65c86_wv_saturation.F90.html
src/physics/cam/zenith.F90,iCESM1.3.1_PI_atm/components/cam/src/physics/cam/zenith.F90,50,5,5,0,100.0,1,1,100.0,1424078,3270044,db02850cbe_zenith.F90.html
src/physics/cam/zm_conv.F90,iCESM1.3.1_PI_atm/components/cam/src/physics/cam/zm_conv.F90,3940,633,600,33,94.7867298578199,13,13,100.0,920125440,21126051871,064e067f2c_zm_conv.F90.html
src/physics/cam/zm_conv_intr.F90,iCESM1.3.1_PI_atm/components/cam/src/physics/cam/zm_conv_intr.F90,999,293,268,25,91.46757679180887,5,5,100.0,1229407920,2499376685,19899f2f50_zm_conv_intr.F90.html
src/physics/rrtmg/cloud_rad_props.F90,iCESM1.3.1_PI_atm/components/cam/src/physics/rrtmg/cloud_rad_props.F90,772,206,206,0,100.0,12,12,100.0,296787328,4055004807,823051ad7d_cloud_rad_props.F90.html
src/physics/rrtmg/ebert_curry.F90,iCESM1.3.1_PI_atm/components/cam/src/physics/rrtmg/ebert_curry.F90,408,8,8,0,100.0,1,1,100.0,512,6144,b8ab6cf1eb_ebert_curry.F90.html
src/physics/rrtmg/ext/rrtmg_lw/rrtmg_lw_init.f90,iCESM1.3.1_PI_atm/components/cam/src/physics/rrtmg/ext/rrtmg_lw/rrtmg_lw_init.f90,2632,683,683,0,100.0,20,20,100.0,9625600,287165952,694951134f_rrtmg_lw_init.f90.html
src/physics/rrtmg/ext/rrtmg_lw/rrtmg_lw_k_g.f90,iCESM1.3.1_PI_atm/components/cam/src/physics/rrtmg/ext/rrtmg_lw/rrtmg_lw_k_g.f90,76249,30631,30631,0,100.0,16,16,100.0,9728,139819520,0750e6d213_rrtmg_lw_k_g.f90.html
src/physics/rrtmg/ext/rrtmg_lw/rrtmg_lw_setcoef.f90,iCESM1.3.1_PI_atm/components/cam/src/physics/rrtmg/ext/rrtmg_lw/rrtmg_lw_setcoef.f90,1270,145,135,10,93.10344827586206,3,3,100.0,167156340,666278240,2a6f52c703_rrtmg_lw_setcoef.f90.html
src/physics/rrtmg/ext/rrtmg_lw/rrtmg_lw_taumol.f90,iCESM1.3.1_PI_atm/components/cam/src/physics/rrtmg/ext/rrtmg_lw/rrtmg_lw_taumol.f90,3151,524,460,64,87.78625954198473,17,17,100.0,126535552,7126047376,20b6a1ea34_rrtmg_lw_taumol.f90.html
src/physics/rrtmg/ext/rrtmg_mcica/mcica_subcol_gen_lw.f90,iCESM1.3.1_PI_atm/components/cam/src/physics/rrtmg/ext/rrtmg_mcica/mcica_subcol_gen_lw.f90,611,87,61,26,70.11494252873563,5,5,100.0,4691161800,77134241552,afba059c81_mcica_subcol_gen_lw.f90.html
src/physics/rrtmg/ext/rrtmg_mcica/mcica_subcol_gen_sw.f90,iCESM1.3.1_PI_atm/components/cam/src/physics/rrtmg/ext/rrtmg_mcica/mcica_subcol_gen_sw.f90,625,88,62,26,70.45454545454545,5,5,100.0,1812288171,30529334775,51f622d865_mcica_subcol_gen_sw.f90.html
src/physics/rrtmg/ext/rrtmg_mcica/rrtmg_lw_cldprmc.f90,iCESM1.3.1_PI_atm/components/cam/src/physics/rrtmg/ext/rrtmg_mcica/rrtmg_lw_cldprmc.f90,267,43,10,33,23.25581395348837,1,1,100.0,209774413,429304094,0332f726ce_rrtmg_lw_cldprmc.f90.html
src/physics/rrtmg/ext/rrtmg_mcica/rrtmg_lw_rad.f90,iCESM1.3.1_PI_atm/components/cam/src/physics/rrtmg/ext/rrtmg_mcica/rrtmg_lw_rad.f90,834,61,57,4,93.44262295081967,2,2,100.0,1560125840,11472064084,1adf8e37bf_rrtmg_lw_rad.f90.html
src/physics/rrtmg/ext/rrtmg_mcica/rrtmg_lw_rtrnmc.f90,iCESM1.3.1_PI_atm/components/cam/src/physics/rrtmg/ext/rrtmg_mcica/rrtmg_lw_rtrnmc.f90,511,51,51,0,100.0,1,1,100.0,1560125840,24374654143,42948a9961_rrtmg_lw_rtrnmc.f90.html
src/physics/rrtmg/ext/rrtmg_mcica/rrtmg_sw_cldprmc.f90,iCESM1.3.1_PI_atm/components/cam/src/physics/rrtmg/ext/rrtmg_mcica/rrtmg_sw_cldprmc.f90,390,121,12,109,9.917355371900827,1,1,100.0,624046864,2192685391,bcd6511bd3_rrtmg_sw_cldprmc.f90.html
src/physics/rrtmg/ext/rrtmg_mcica/rrtmg_sw_rad.f90,iCESM1.3.1_PI_atm/components/cam/src/physics/rrtmg/ext/rrtmg_mcica/rrtmg_sw_rad.f90,1110,85,74,11,87.05882352941177,2,2,100.0,624046864,7043456703,92e9dcb228_rrtmg_sw_rad.f90.html
src/physics/rrtmg/ext/rrtmg_mcica/rrtmg_sw_spcvmc.f90,iCESM1.3.1_PI_atm/components/cam/src/physics/rrtmg/ext/rrtmg_mcica/rrtmg_sw_spcvmc.f90,670,55,41,14,74.54545454545455,1,1,100.0,644177408,12354222695,a2e61ca07f_rrtmg_sw_spcvmc.f90.html
src/physics/rrtmg/ext/rrtmg_sw/rrtmg_sw_init.f90,iCESM1.3.1_PI_atm/components/cam/src/physics/rrtmg/ext/rrtmg_sw/rrtmg_sw_init.f90,3297,603,602,1,99.83416252072969,19,19,100.0,9625600,202447872,6632c4a915_rrtmg_sw_init.f90.html
src/physics/rrtmg/ext/rrtmg_sw/rrtmg_sw_k_g.f90,iCESM1.3.1_PI_atm/components/cam/src/physics/rrtmg/ext/rrtmg_sw/rrtmg_sw_k_g.f90,63579,27101,27101,0,100.0,14,14,100.0,8192,114786304,adfd9d6264_rrtmg_sw_k_g.f90.html
src/physics/rrtmg/ext/rrtmg_sw/rrtmg_sw_reftra.f90,iCESM1.3.1_PI_atm/components/cam/src/physics/rrtmg/ext/rrtmg_sw/rrtmg_sw_reftra.f90,299,29,25,4,86.20689655172414,1,1,100.0,1248093728,11348710166,319e2721b1_rrtmg_sw_reftra.f90.html
src/physics/rrtmg/ext/rrtmg_sw/rrtmg_sw_setcoef.f90,iCESM1.3.1_PI_atm/components/cam/src/physics/rrtmg/ext/rrtmg_sw/rrtmg_sw_setcoef.f90,349,37,34,3,91.89189189189189,2,2,100.0,5571847,105500016,39cc487f1e_rrtmg_sw_setcoef.f90.html
src/physics/rrtmg/ext/rrtmg_sw/rrtmg_sw_taumol.f90,iCESM1.3.1_PI_atm/components/cam/src/physics/rrtmg/ext/rrtmg_sw/rrtmg_sw_taumol.f90,1495,225,211,14,93.77777777777777,15,15,100.0,47450568,1287997153,c7ddde7e1f_rrtmg_sw_taumol.f90.html
src/physics/rrtmg/ext/rrtmg_sw/rrtmg_sw_vrtqdr.f90,iCESM1.3.1_PI_atm/components/cam/src/physics/rrtmg/ext/rrtmg_sw/rrtmg_sw_vrtqdr.f90,156,5,5,0,100.0,1,1,100.0,1288354816,3865064448,b835d199c4_rrtmg_sw_vrtqdr.f90.html
src/physics/rrtmg/oldcloud.F90,iCESM1.3.1_PI_atm/components/cam/src/physics/rrtmg/oldcloud.F90,643,9,9,0,100.0,1,1,100.0,512,7168,5ca5258429_oldcloud.F90.html
src/physics/rrtmg/rad_solar_var.F90,iCESM1.3.1_PI_atm/components/cam/src/physics/rrtmg/rad_solar_var.F90,152,28,21,7,75.0,3,3,100.0,372736,1720320,c5bdce6a66_rad_solar_var.F90.html
src/physics/rrtmg/radconstants.F90,iCESM1.3.1_PI_atm/components/cam/src/physics/rrtmg/radconstants.F90,255,36,24,12,66.66666666666667,5,5,100.0,1935360,16835584,eb058ff3dd_radconstants.F90.html
src/physics/rrtmg/radiation.F90,iCESM1.3.1_PI_atm/components/cam/src/physics/rrtmg/radiation.F90,1419,435,342,93,78.62068965517241,9,9,100.0,172548480,2238695249,c652d15a0a_radiation.F90.html
src/physics/rrtmg/radlw.F90,iCESM1.3.1_PI_atm/components/cam/src/physics/rrtmg/radlw.F90,332,62,52,10,83.87096774193549,2,2,100.0,172548480,486529167,024808aba7_radlw.F90.html
src/physics/rrtmg/radsw.F90,iCESM1.3.1_PI_atm/components/cam/src/physics/rrtmg/radsw.F90,680,178,136,42,76.40449438202248,2,2,100.0,75489540,981261047,09be5302a8_radsw.F90.html
src/physics/rrtmg/rrtmg_state.F90,iCESM1.3.1_PI_atm/components/cam/src/physics/rrtmg/rrtmg_state.F90,241,77,77,0,100.0,4,4,100.0,22287512,355462972,94fd67c8f3_rrtmg_state.F90.html
src/physics/rrtmg/slingo.F90,iCESM1.3.1_PI_atm/components/cam/src/physics/rrtmg/slingo.F90,409,9,9,0,100.0,1,1,100.0,512,7168,0c6bf1e585_slingo.F90.html
src/unit_drivers/offline_driver.F90,iCESM1.3.1_PI_atm/components/cam/src/unit_drivers/offline_driver.F90,178,36,19,17,52.77777777777778,2,2,100.0,512,7692,38eac056cd_offline_driver.F90.html
src/utils/buffer.F90.in,iCESM1.3.1_PI_atm/components/cam/src/utils/buffer.F90.in,284,66,52,14,78.78787878787878,16,16,100.0,755508824,5438955768,ec4157b644_buffer.F90.in.html
src/utils/cam_pio_utils.F90,iCESM1.3.1_PI_atm/components/cam/src/utils/cam_pio_utils.F90,887,165,113,52,68.48484848484848,9,9,100.0,4128768,33222116,ddfbedfac4_cam_pio_utils.F90.html
src/utils/coords_1d.F90,iCESM1.3.1_PI_atm/components/cam/src/utils/coords_1d.F90,151,38,38,0,100.0,5,5,100.0,153012342,1289974416,6e7cea4172_coords_1d.F90.html
src/utils/datetime.F90,iCESM1.3.1_PI_atm/components/cam/src/utils/datetime.F90,53,13,13,0,100.0,1,1,100.0,512,6656,08eabc24e5_datetime.F90.html
src/utils/error_messages.F90,iCESM1.3.1_PI_atm/components/cam/src/utils/error_messages.F90,151,31,12,19,38.70967741935484,4,4,100.0,369152,2604161,80cc9aed52_error_messages.F90.html
src/utils/hycoef.F90,iCESM1.3.1_PI_atm/components/cam/src/utils/hycoef.F90,321,96,86,10,89.58333333333333,4,4,100.0,15872,283660,6ec1c9898d_hycoef.F90.html
src/utils/interpolate_data.F90,iCESM1.3.1_PI_atm/components/cam/src/utils/interpolate_data.F90,1309,111,85,26,76.57657657657657,7,7,100.0,2112903896,9363199737,d357ef2af7_interpolate_data.F90.html
src/utils/intp_util.F90,iCESM1.3.1_PI_atm/components/cam/src/utils/intp_util.F90,53,7,3,4,42.857142857142854,1,1,100.0,9216,27648,04b3a0cc07_intp_util.F90.html
src/utils/ioFileMod.F90,iCESM1.3.1_PI_atm/components/cam/src/utils/ioFileMod.F90,182,48,30,18,62.5,2,2,100.0,22532,766785,1a6ca767a7_ioFileMod.F90.html
src/utils/linear_1d_operators.F90,iCESM1.3.1_PI_atm/components/cam/src/utils/linear_1d_operators.F90,1180,115,101,14,87.82608695652173,14,14,100.0,2412941172,11919897888,78220961e7_linear_1d_operators.F90.html
src/utils/physconst.F90,iCESM1.3.1_PI_atm/components/cam/src/utils/physconst.F90,339,52,35,17,67.3076923076923,2,2,100.0,491520,2889232,c0dadb2231_physconst.F90.html
src/utils/spmd_utils.F90,iCESM1.3.1_PI_atm/components/cam/src/utils/spmd_utils.F90,1668,274,129,145,47.08029197080292,7,7,100.0,170008960,259938499,835ee0471c_spmd_utils.F90.html
src/utils/string_utils.F90,iCESM1.3.1_PI_atm/components/cam/src/utils/string_utils.F90,243,25,23,2,92.0,3,3,100.0,13332480,144660480,445166a615_string_utils.F90.html
src/utils/time_manager.F90,iCESM1.3.1_PI_atm/components/cam/src/utils/time_manager.F90,1499,289,227,62,78.54671280276817,24,24,100.0,6977547,92831385,f5822e0cca_time_manager.F90.html
src/utils/units.F90,iCESM1.3.1_PI_atm/components/cam/src/utils/units.F90,41,6,6,0,100.0,2,2,100.0,61,543,733736ca6b_units.F90.html
src/utils/wrap_mpi.F90,iCESM1.3.1_PI_atm/components/cam/src/utils/wrap_mpi.F90,1302,18,12,6,66.66666666666667,3,3,100.0,313344,1259520,6ea5e48cd8_wrap_mpi.F90.html
